[
  {"model": "courses.department", "pk": 1, "fields": {"name": "Computer Science & Engineering", "hod_name": "Dr. Rajesh Kumar", "created_at": "2024-01-01T00:00:00Z"}},
  {"model": "courses.department", "pk": 2, "fields": {"name": "Electronics & Communication", "hod_name": "Dr. Priya Sharma", "created_at": "2024-01-01T00:00:00Z"}},
  {"model": "courses.department", "pk": 3, "fields": {"name": "Mechanical Engineering", "hod_name": "Dr. Anil Verma", "created_at": "2024-01-01T00:00:00Z"}},
  {"model": "courses.department", "pk": 4, "fields": {"name": "Business Administration", "hod_name": "Dr. Sunita Patel", "created_at": "2024-01-01T00:00:00Z"}},
  {"model": "courses.department", "pk": 5, "fields": {"name": "Life Sciences", "hod_name": "Dr. Meera Nair", "created_at": "2024-01-01T00:00:00Z"}},

  {"model": "courses.course", "pk": 1,  "fields": {"department": 1, "course_name": "B.Tech Computer Science", "specialization": "Artificial Intelligence & ML", "course_type": "UG", "duration": "4 Years", "created_at": "2024-01-01T00:00:00Z"}},
  {"model": "courses.course", "pk": 2,  "fields": {"department": 1, "course_name": "B.Tech Computer Science", "specialization": "Cyber Security", "course_type": "UG", "duration": "4 Years", "created_at": "2024-01-01T00:00:00Z"}},
  {"model": "courses.course", "pk": 3,  "fields": {"department": 1, "course_name": "M.Tech Computer Science", "specialization": "Data Science", "course_type": "PG", "duration": "2 Years", "created_at": "2024-01-01T00:00:00Z"}},
  {"model": "courses.course", "pk": 4,  "fields": {"department": 2, "course_name": "B.Tech Electronics", "specialization": "VLSI Design", "course_type": "UG", "duration": "4 Years", "created_at": "2024-01-01T00:00:00Z"}},
  {"model": "courses.course", "pk": 5,  "fields": {"department": 2, "course_name": "M.Tech Electronics", "specialization": "Embedded Systems", "course_type": "PG", "duration": "2 Years", "created_at": "2024-01-01T00:00:00Z"}},
  {"model": "courses.course", "pk": 6,  "fields": {"department": 3, "course_name": "B.Tech Mechanical", "specialization": "Robotics & Automation", "course_type": "UG", "duration": "4 Years", "created_at": "2024-01-01T00:00:00Z"}},
  {"model": "courses.course", "pk": 7,  "fields": {"department": 4, "course_name": "BBA", "specialization": "Finance & Marketing", "course_type": "UG", "duration": "3 Years", "created_at": "2024-01-01T00:00:00Z"}},
  {"model": "courses.course", "pk": 8,  "fields": {"department": 4, "course_name": "MBA", "specialization": "Human Resource Management", "course_type": "PG", "duration": "2 Years", "created_at": "2024-01-01T00:00:00Z"}},
  {"model": "courses.course", "pk": 9,  "fields": {"department": 5, "course_name": "B.Sc Biotechnology", "specialization": "Genetic Engineering", "course_type": "UG", "duration": "3 Years", "created_at": "2024-01-01T00:00:00Z"}},
  {"model": "courses.course", "pk": 10, "fields": {"department": 5, "course_name": "M.Sc Bioinformatics", "specialization": "Computational Biology", "course_type": "PG", "duration": "2 Years", "created_at": "2024-01-01T00:00:00Z"}},

  {"model": "faculty.faculty", "pk": 1,  "fields": {"department": 1, "course": 1, "faculty_name": "Dr. Amit Gupta",       "designation": "Professor",           "email": "amit.gupta@chanakyauniv.edu",     "phone": "9876543210", "created_at": "2024-01-01T00:00:00Z"}},
  {"model": "faculty.faculty", "pk": 2,  "fields": {"department": 1, "course": 1, "faculty_name": "Dr. Kavita Singh",     "designation": "Associate Professor", "email": "kavita.singh@chanakyauniv.edu",   "phone": "9876543211", "created_at": "2024-01-01T00:00:00Z"}},
  {"model": "faculty.faculty", "pk": 3,  "fields": {"department": 1, "course": 2, "faculty_name": "Mr. Rohit Mehta",      "designation": "Assistant Professor", "email": "rohit.mehta@chanakyauniv.edu",    "phone": "9876543212", "created_at": "2024-01-01T00:00:00Z"}},
  {"model": "faculty.faculty", "pk": 4,  "fields": {"department": 1, "course": 3, "faculty_name": "Dr. Ananya Joshi",     "designation": "Professor",           "email": "ananya.joshi@chanakyauniv.edu",   "phone": "9876543213", "created_at": "2024-01-01T00:00:00Z"}},
  {"model": "faculty.faculty", "pk": 5,  "fields": {"department": 2, "course": 4, "faculty_name": "Dr. Suresh Iyer",      "designation": "Professor",           "email": "suresh.iyer@chanakyauniv.edu",    "phone": "9876543214", "created_at": "2024-01-01T00:00:00Z"}},
  {"model": "faculty.faculty", "pk": 6,  "fields": {"department": 2, "course": 5, "faculty_name": "Ms. Deepa Nambiar",    "designation": "Assistant Professor", "email": "deepa.nambiar@chanakyauniv.edu",  "phone": "9876543215", "created_at": "2024-01-01T00:00:00Z"}},
  {"model": "faculty.faculty", "pk": 7,  "fields": {"department": 3, "course": 6, "faculty_name": "Dr. Vikram Rao",       "designation": "Associate Professor", "email": "vikram.rao@chanakyauniv.edu",     "phone": "9876543216", "created_at": "2024-01-01T00:00:00Z"}},
  {"model": "faculty.faculty", "pk": 8,  "fields": {"department": 4, "course": 7, "faculty_name": "Dr. Priya Kapoor",     "designation": "Professor",           "email": "priya.kapoor@chanakyauniv.edu",   "phone": "9876543217", "created_at": "2024-01-01T00:00:00Z"}},
  {"model": "faculty.faculty", "pk": 9,  "fields": {"department": 4, "course": 8, "faculty_name": "Mr. Arjun Sinha",      "designation": "Lecturer",            "email": "arjun.sinha@chanakyauniv.edu",    "phone": "9876543218", "created_at": "2024-01-01T00:00:00Z"}},
  {"model": "faculty.faculty", "pk": 10, "fields": {"department": 5, "course": 9, "faculty_name": "Dr. Lakshmi Menon",    "designation": "Professor",           "email": "lakshmi.menon@chanakyauniv.edu",  "phone": "9876543219", "created_at": "2024-01-01T00:00:00Z"}},

  {"model": "hostel.hostel", "pk": 1, "fields": {"hostel_name": "Chanakya Boys Hostel Block A", "hostel_type": "Boys",  "total_rooms": 200, "address": "North Campus, Chanakya University", "contact_number": "0123-456001", "created_at": "2024-01-01T00:00:00Z"}},
  {"model": "hostel.hostel", "pk": 2, "fields": {"hostel_name": "Chanakya Boys Hostel Block B", "hostel_type": "Boys",  "total_rooms": 150, "address": "North Campus, Chanakya University", "contact_number": "0123-456002", "created_at": "2024-01-01T00:00:00Z"}},
  {"model": "hostel.hostel", "pk": 3, "fields": {"hostel_name": "Saraswati Girls Hostel",       "hostel_type": "Girls", "total_rooms": 180, "address": "South Campus, Chanakya University", "contact_number": "0123-456003", "created_at": "2024-01-01T00:00:00Z"}},
  {"model": "hostel.hostel", "pk": 4, "fields": {"hostel_name": "Lakshmi Girls Hostel",         "hostel_type": "Girls", "total_rooms": 120, "address": "South Campus, Chanakya University", "contact_number": "0123-456004", "created_at": "2024-01-01T00:00:00Z"}},

  {"model": "hostel.hostelroom", "pk": 1,  "fields": {"hostel": 1, "room_type": "Single",     "available_rooms": 20, "course": 1,    "monthly_fee": "8000.00", "created_at": "2024-01-01T00:00:00Z"}},
  {"model": "hostel.hostelroom", "pk": 2,  "fields": {"hostel": 1, "room_type": "Double",     "available_rooms": 35, "course": 2,    "monthly_fee": "6000.00", "created_at": "2024-01-01T00:00:00Z"}},
  {"model": "hostel.hostelroom", "pk": 3,  "fields": {"hostel": 1, "room_type": "Triple",     "available_rooms": 50, "course": null, "monthly_fee": "4500.00", "created_at": "2024-01-01T00:00:00Z"}},
  {"model": "hostel.hostelroom", "pk": 4,  "fields": {"hostel": 2, "room_type": "Single",     "available_rooms": 10, "course": 3,    "monthly_fee": "8000.00", "created_at": "2024-01-01T00:00:00Z"}},
  {"model": "hostel.hostelroom", "pk": 5,  "fields": {"hostel": 2, "room_type": "Double",     "available_rooms": 25, "course": null, "monthly_fee": "6000.00", "created_at": "2024-01-01T00:00:00Z"}},
  {"model": "hostel.hostelroom", "pk": 6,  "fields": {"hostel": 3, "room_type": "Single",     "available_rooms": 15, "course": 7,    "monthly_fee": "8000.00", "created_at": "2024-01-01T00:00:00Z"}},
  {"model": "hostel.hostelroom", "pk": 7,  "fields": {"hostel": 3, "room_type": "Double",     "available_rooms": 40, "course": null, "monthly_fee": "6000.00", "created_at": "2024-01-01T00:00:00Z"}},
  {"model": "hostel.hostelroom", "pk": 8,  "fields": {"hostel": 3, "room_type": "Dormitory",  "available_rooms": 8,  "course": null, "monthly_fee": "3500.00", "created_at": "2024-01-01T00:00:00Z"}},
  {"model": "hostel.hostelroom", "pk": 9,  "fields": {"hostel": 4, "room_type": "Single",     "available_rooms": 12, "course": 8,    "monthly_fee": "8000.00", "created_at": "2024-01-01T00:00:00Z"}},
  {"model": "hostel.hostelroom", "pk": 10, "fields": {"hostel": 4, "room_type": "Double",     "available_rooms": 18, "course": null, "monthly_fee": "6000.00", "created_at": "2024-01-01T00:00:00Z"}},

  {"model": "transport.transportroute", "pk": 1, "fields": {"route_name": "Route 01 - City Centre",     "starting_point": "Chanakya University Main Gate", "ending_point": "City Centre Bus Stand",    "distance_km": "12.50", "created_at": "2024-01-01T00:00:00Z"}},
  {"model": "transport.transportroute", "pk": 2, "fields": {"route_name": "Route 02 - Railway Station", "starting_point": "Chanakya University Main Gate", "ending_point": "Central Railway Station", "distance_km": "18.00", "created_at": "2024-01-01T00:00:00Z"}},
  {"model": "transport.transportroute", "pk": 3, "fields": {"route_name": "Route 03 - Satellite Town",  "starting_point": "Chanakya University Main Gate", "ending_point": "Satellite Town Square",   "distance_km": "22.00", "created_at": "2024-01-01T00:00:00Z"}},
  {"model": "transport.transportroute", "pk": 4, "fields": {"route_name": "Route 04 - Airport Road",    "starting_point": "Chanakya University Main Gate", "ending_point": "International Airport",   "distance_km": "35.00", "created_at": "2024-01-01T00:00:00Z"}},

  {"model": "transport.bus", "pk": 1,  "fields": {"route": 1, "bus_number": "CU-001", "total_seats": 50, "available_seats": 18, "driver_name": "Ramesh Kumar",  "driver_phone": "9001234561", "created_at": "2024-01-01T00:00:00Z"}},
  {"model": "transport.bus", "pk": 2,  "fields": {"route": 1, "bus_number": "CU-002", "total_seats": 50, "available_seats": 22, "driver_name": "Suresh Verma",  "driver_phone": "9001234562", "created_at": "2024-01-01T00:00:00Z"}},
  {"model": "transport.bus", "pk": 3,  "fields": {"route": 2, "bus_number": "CU-003", "total_seats": 45, "available_seats": 10, "driver_name": "Mahesh Singh",  "driver_phone": "9001234563", "created_at": "2024-01-01T00:00:00Z"}},
  {"model": "transport.bus", "pk": 4,  "fields": {"route": 2, "bus_number": "CU-004", "total_seats": 45, "available_seats": 30, "driver_name": "Dinesh Patel",  "driver_phone": "9001234564", "created_at": "2024-01-01T00:00:00Z"}},
  {"model": "transport.bus", "pk": 5,  "fields": {"route": 3, "bus_number": "CU-005", "total_seats": 60, "available_seats": 15, "driver_name": "Ganesh Iyer",   "driver_phone": "9001234565", "created_at": "2024-01-01T00:00:00Z"}},
  {"model": "transport.bus", "pk": 6,  "fields": {"route": 3, "bus_number": "CU-006", "total_seats": 60, "available_seats": 40, "driver_name": "Rajesh Nair",   "driver_phone": "9001234566", "created_at": "2024-01-01T00:00:00Z"}},
  {"model": "transport.bus", "pk": 7,  "fields": {"route": 4, "bus_number": "CU-007", "total_seats": 40, "available_seats": 25, "driver_name": "Vijay Sharma",  "driver_phone": "9001234567", "created_at": "2024-01-01T00:00:00Z"}}
]
